{
  "batch_size": 64,
  "beta1": 0.9,
  "beta2": 0.999,
  "lr": 1.216585077674799e-05,
  "weight_decay": 0.0020521455614241624
}