{
  "batch_size": 64,
  "beta1": 0.9,
  "beta2": 0.999,
  "lr": 4.110481770349332e-07,
  "weight_decay": 0.008941022101250973
}