{
  "batch_size": 64,
  "beta1": 0.9,
  "beta2": 0.999,
  "lr": 1.1875582219955114e-08,
  "weight_decay": 0.005237374359849274
}