{
  "batch_size": 64,
  "beta1": 0.9,
  "beta2": 0.999,
  "lr": 9.535654772423733e-07,
  "weight_decay": 0.0033950947458749083
}