{
  "batch_size": 64,
  "beta1": 0.9,
  "beta2": 0.999,
  "lr": 7.76964094783622e-08,
  "weight_decay": 0.0045125969096745005
}