{
  "batch_size": 64,
  "beta1": 0.9,
  "beta2": 0.999,
  "lr": 8.995493097505545e-06,
  "weight_decay": 0.009878939995349252
}