{
  "batch_size": 64,
  "beta1": 0.9,
  "beta2": 0.999,
  "lr": 9.455639578262331e-08,
  "weight_decay": 0.009626667786885531
}