{
  "batch_size": 64,
  "beta1": 0.9,
  "beta2": 0.999,
  "lr": 1.9538989575826076e-05,
  "weight_decay": 0.009198113639144518
}