{
  "batch_size": 64,
  "beta1": 0.9,
  "beta2": 0.999,
  "lr": 2.514061182490257e-06,
  "weight_decay": 0.001583645012309317
}