{
  "batch_size": 64,
  "beta1": 0.9,
  "beta2": 0.999,
  "lr": 1.5845139706336826e-08,
  "weight_decay": 0.006854075942430917
}