{
  "batch_size": 64,
  "beta1": 0.9,
  "beta2": 0.999,
  "lr": 9.83159360934068e-06,
  "weight_decay": 0.001657201901777039
}