{
  "batch_size": 64,
  "beta1": 0.9,
  "beta2": 0.999,
  "lr": 1.0853697562717082e-07,
  "weight_decay": 0.009326152878803907
}