{
  "batch_size": 64,
  "beta1": 0.9,
  "beta2": 0.999,
  "lr": 3.4556487620457226e-07,
  "weight_decay": 0.0025108737198112864
}