{
  "batch_size": 64,
  "beta1": 0.9,
  "beta2": 0.999,
  "lr": 5.5968628251691044e-05,
  "weight_decay": 0.0061132814396558125
}