{
  "batch_size": 64,
  "beta1": 0.9,
  "beta2": 0.999,
  "lr": 4.12322512216557e-05,
  "weight_decay": 0.002226002373908197
}