{
  "batch_size": 64,
  "beta1": 0.9,
  "beta2": 0.999,
  "lr": 2.9136547989031115e-07,
  "weight_decay": 0.004065905706382346
}