{
  "batch_size": 64,
  "beta1": 0.9,
  "beta2": 0.999,
  "lr": 7.419208638290629e-08,
  "weight_decay": 0.003042822139387391
}