{
  "batch_size": 64,
  "beta1": 0.9,
  "beta2": 0.999,
  "lr": 1.4980467338386413e-05,
  "weight_decay": 0.008275322323278688
}