{
  "batch_size": 64,
  "beta1": 0.9,
  "beta2": 0.999,
  "lr": 3.5922897661257705e-07,
  "weight_decay": 0.0021219184946689087
}