{
  "batch_size": 64,
  "beta1": 0.9,
  "beta2": 0.999,
  "lr": 8.364932179982604e-05,
  "weight_decay": 0.0009640319786541829
}