{
  "batch_size": 64,
  "beta1": 0.9,
  "beta2": 0.999,
  "lr": 9.019353968217434e-05,
  "weight_decay": 0.0009244605210519907
}