{
  "batch_size": 64,
  "beta1": 0.9,
  "beta2": 0.999,
  "lr": 5.636011992937382e-05,
  "weight_decay": 0.008227255252987415
}