{
  "batch_size": 64,
  "beta1": 0.9,
  "beta2": 0.999,
  "lr": 2.2714616161436342e-08,
  "weight_decay": 0.002523524408772907
}