{
  "batch_size": 64,
  "beta1": 0.9,
  "beta2": 0.999,
  "lr": 2.729761618234514e-08,
  "weight_decay": 0.007015135048421537
}