{
  "batch_size": 64,
  "beta1": 0.9,
  "beta2": 0.999,
  "lr": 6.558977024622556e-08,
  "weight_decay": 0.00021776014316907122
}