{
  "batch_size": 64,
  "beta1": 0.9,
  "beta2": 0.999,
  "lr": 8.010457117703151e-08,
  "weight_decay": 0.009038092618258052
}