{
  "batch_size": 64,
  "beta1": 0.9,
  "beta2": 0.999,
  "lr": 8.949689591878612e-05,
  "weight_decay": 0.004521080197539924
}