{
  "batch_size": 64,
  "beta1": 0.9,
  "beta2": 0.999,
  "lr": 1.2799593317650433e-05,
  "weight_decay": 0.0009632966441971946
}