{
  "batch_size": 64,
  "beta1": 0.9,
  "beta2": 0.999,
  "lr": 9.225499349037415e-08,
  "weight_decay": 0.00841467701816542
}