{
  "batch_size": 64,
  "beta1": 0.9,
  "beta2": 0.999,
  "lr": 1.4187579675685207e-08,
  "weight_decay": 0.009162567398347565
}