{
  "batch_size": 64,
  "beta1": 0.9,
  "beta2": 0.999,
  "lr": 1.3451715786032392e-05,
  "weight_decay": 0.0003665635666309819
}