{
  "batch_size": 64,
  "beta1": 0.9,
  "beta2": 0.999,
  "lr": 1.2730814911877641e-07,
  "weight_decay": 0.0034468690471496557
}