{
  "batch_size": 64,
  "beta1": 0.9,
  "beta2": 0.999,
  "lr": 3.188814637157466e-06,
  "weight_decay": 0.0013063770166091837
}