{
  "batch_size": 64,
  "beta1": 0.9,
  "beta2": 0.999,
  "lr": 3.5202440033419733e-06,
  "weight_decay": 0.007712856213032949
}