{
  "batch_size": 64,
  "beta1": 0.9,
  "beta2": 0.999,
  "lr": 1.538806923850998e-07,
  "weight_decay": 0.003637036253979742
}