{
  "batch_size": 64,
  "beta1": 0.9,
  "beta2": 0.999,
  "lr": 2.8857169826170704e-07,
  "weight_decay": 0.00868761504778692
}