{
  "batch_size": 64,
  "beta1": 0.9,
  "beta2": 0.999,
  "lr": 1.6908393544925704e-05,
  "weight_decay": 0.003650634338277222
}