{
  "batch_size": 64,
  "beta1": 0.9,
  "beta2": 0.999,
  "lr": 3.448496205595341e-05,
  "weight_decay": 0.006519728814948943
}