{
  "batch_size": 64,
  "beta1": 0.9,
  "beta2": 0.999,
  "lr": 7.236588754945203e-05,
  "weight_decay": 0.0008138577313998274
}