{
  "batch_size": 64,
  "beta1": 0.9,
  "beta2": 0.999,
  "lr": 5.808893093797284e-08,
  "weight_decay": 0.0054643298763753
}