{
  "batch_size": 64,
  "beta1": 0.9,
  "beta2": 0.999,
  "lr": 8.960225469707138e-05,
  "weight_decay": 0.007262849802515445
}