{
  "batch_size": 64,
  "beta1": 0.9,
  "beta2": 0.999,
  "lr": 8.476765902849434e-06,
  "weight_decay": 0.0010571303618884477
}