{
  "batch_size": 64,
  "beta1": 0.9,
  "beta2": 0.999,
  "lr": 9.995217047808153e-05,
  "weight_decay": 0.002439227274495708
}