{
  "batch_size": 64,
  "beta1": 0.9,
  "beta2": 0.999,
  "lr": 4.721445179432155e-06,
  "weight_decay": 0.006734146295182691
}