{
  "batch_size": 64,
  "beta1": 0.9,
  "beta2": 0.999,
  "lr": 2.650081368559992e-06,
  "weight_decay": 0.007479725641835478
}