{
  "batch_size": 64,
  "beta1": 0.9,
  "beta2": 0.999,
  "lr": 4.698099133382445e-07,
  "weight_decay": 0.0007896470163603009
}