{
  "batch_size": 64,
  "beta1": 0.9,
  "beta2": 0.999,
  "lr": 1.983742971089859e-08,
  "weight_decay": 0.0018108142957618612
}