{
  "batch_size": 64,
  "beta1": 0.9,
  "beta2": 0.999,
  "lr": 2.0550729455318665e-07,
  "weight_decay": 4.12488825059254e-05
}