{
  "batch_size": 64,
  "beta1": 0.9,
  "beta2": 0.999,
  "lr": 7.665486385863516e-06,
  "weight_decay": 0.008313534207761899
}