{
  "batch_size": 64,
  "beta1": 0.9,
  "beta2": 0.999,
  "lr": 5.990992360480118e-08,
  "weight_decay": 0.009448632172453965
}