{
  "batch_size": 64,
  "beta1": 0.9,
  "beta2": 0.999,
  "lr": 2.9210448348722623e-05,
  "weight_decay": 0.006864983763086266
}