{
  "batch_size": 64,
  "beta1": 0.9,
  "beta2": 0.999,
  "lr": 2.1007238768423556e-08,
  "weight_decay": 0.008983312642659431
}