{
  "batch_size": 64,
  "beta1": 0.9,
  "beta2": 0.999,
  "lr": 3.060223144282601e-05,
  "weight_decay": 0.006259073187101303
}