{
  "batch_size": 64,
  "beta1": 0.9,
  "beta2": 0.999,
  "lr": 1.0219032103537332e-07,
  "weight_decay": 0.0069530911722848355
}