{
  "batch_size": 64,
  "beta1": 0.9,
  "beta2": 0.999,
  "lr": 1.0777043785993875e-08,
  "weight_decay": 0.004034731816212273
}