{
  "batch_size": 64,
  "beta1": 0.9,
  "beta2": 0.999,
  "lr": 4.2302134577926443e-07,
  "weight_decay": 0.009170360848397898
}