{
  "batch_size": 64,
  "beta1": 0.9,
  "beta2": 0.999,
  "lr": 4.601302235224156e-08,
  "weight_decay": 0.0027823221562333876
}