{
  "batch_size": 64,
  "beta1": 0.9,
  "beta2": 0.999,
  "lr": 1.5336700992069798e-06,
  "weight_decay": 0.006032252007736969
}