{
  "batch_size": 64,
  "beta1": 0.9,
  "beta2": 0.999,
  "lr": 2.08919996170833e-05,
  "weight_decay": 0.00626445146769009
}