{
  "batch_size": 64,
  "beta1": 0.9,
  "beta2": 0.999,
  "lr": 5.571774164205414e-06,
  "weight_decay": 0.00019761592934099072
}