{
  "batch_size": 64,
  "beta1": 0.9,
  "beta2": 0.999,
  "lr": 2.9856989755611823e-05,
  "weight_decay": 0.001029118115550628
}