{
  "batch_size": 64,
  "beta1": 0.9,
  "beta2": 0.999,
  "lr": 4.594185282157502e-05,
  "weight_decay": 0.006429808639679508
}