{
  "batch_size": 64,
  "beta1": 0.9,
  "beta2": 0.999,
  "lr": 5.552893164218824e-07,
  "weight_decay": 0.0026597978441899096
}