{
  "batch_size": 64,
  "beta1": 0.9,
  "beta2": 0.999,
  "lr": 1.8077954128998843e-08,
  "weight_decay": 0.009879519931621606
}