{
  "batch_size": 64,
  "beta1": 0.9,
  "beta2": 0.999,
  "lr": 3.7318437848805196e-06,
  "weight_decay": 0.00817180751493744
}