{
  "batch_size": 64,
  "beta1": 0.9,
  "beta2": 0.999,
  "lr": 4.299896528090062e-08,
  "weight_decay": 0.0007333447221727608
}