{
  "batch_size": 64,
  "beta1": 0.9,
  "beta2": 0.999,
  "lr": 6.405001204455409e-06,
  "weight_decay": 0.0035827766407622386
}