{
  "batch_size": 64,
  "beta1": 0.9,
  "beta2": 0.999,
  "lr": 8.396444488211443e-06,
  "weight_decay": 0.002762140510391864
}