{
  "batch_size": 64,
  "beta1": 0.9,
  "beta2": 0.999,
  "lr": 6.246478543678758e-07,
  "weight_decay": 0.005095921352723952
}