{
  "batch_size": 64,
  "beta1": 0.9,
  "beta2": 0.999,
  "lr": 1.0900199715317501e-08,
  "weight_decay": 0.00499057810851988
}