{
  "batch_size": 64,
  "beta1": 0.9,
  "beta2": 0.999,
  "lr": 1.2969668102097972e-07,
  "weight_decay": 0.003846323984070552
}