{
  "batch_size": 64,
  "beta1": 0.9,
  "beta2": 0.999,
  "lr": 3.89608932907383e-05,
  "weight_decay": 0.006474520707432663
}