{
  "batch_size": 64,
  "beta1": 0.9,
  "beta2": 0.999,
  "lr": 7.41557681095168e-07,
  "weight_decay": 0.00328206810479995
}