{
  "batch_size": 64,
  "beta1": 0.9,
  "beta2": 0.999,
  "lr": 1.1585616207238507e-07,
  "weight_decay": 0.009052441716549023
}