{
  "batch_size": 64,
  "beta1": 0.9,
  "beta2": 0.999,
  "lr": 1.7348504621560965e-06,
  "weight_decay": 0.0010903118077066577
}