{
  "batch_size": 64,
  "beta1": 0.9,
  "beta2": 0.999,
  "lr": 1.1996273863682058e-08,
  "weight_decay": 0.0007446143655554527
}