{
  "batch_size": 64,
  "beta1": 0.9,
  "beta2": 0.999,
  "lr": 4.777992411481308e-05,
  "weight_decay": 0.0022591432496461617
}