{
  "batch_size": 64,
  "beta1": 0.9,
  "beta2": 0.999,
  "lr": 4.0344122968272717e-07,
  "weight_decay": 0.0038820644329148404
}