{
  "batch_size": 64,
  "beta1": 0.9,
  "beta2": 0.999,
  "lr": 1.4791012237387169e-07,
  "weight_decay": 0.002986753509649522
}