{
  "batch_size": 64,
  "beta1": 0.9,
  "beta2": 0.999,
  "lr": 6.0180095000258375e-05,
  "weight_decay": 0.0041798054411863106
}