{
  "batch_size": 64,
  "beta1": 0.9,
  "beta2": 0.999,
  "lr": 1.2628363260940423e-08,
  "weight_decay": 0.0044890881313388465
}