{
  "batch_size": 64,
  "beta1": 0.9,
  "beta2": 0.999,
  "lr": 1.9456115981697655e-07,
  "weight_decay": 0.0029316833237526384
}