{
  "batch_size": 64,
  "beta1": 0.9,
  "beta2": 0.999,
  "lr": 8.247742595334614e-07,
  "weight_decay": 0.00980615606050284
}