{
  "batch_size": 64,
  "beta1": 0.9,
  "beta2": 0.999,
  "lr": 2.322045937734618e-05,
  "weight_decay": 0.0002093154791445695
}