{
  "batch_size": 64,
  "beta1": 0.9,
  "beta2": 0.999,
  "lr": 2.0694684346388704e-08,
  "weight_decay": 0.008663845557435743
}