{
  "batch_size": 64,
  "beta1": 0.9,
  "beta2": 0.999,
  "lr": 8.359976814480436e-07,
  "weight_decay": 0.0025392985503688826
}