{
  "batch_size": 64,
  "beta1": 0.9,
  "beta2": 0.999,
  "lr": 1.3780182926565536e-07,
  "weight_decay": 0.0007835499497471609
}