{
  "batch_size": 64,
  "beta1": 0.9,
  "beta2": 0.999,
  "lr": 4.261212913119004e-05,
  "weight_decay": 0.007915264191542518
}