{
  "batch_size": 64,
  "beta1": 0.9,
  "beta2": 0.999,
  "lr": 1.6486514760688825e-07,
  "weight_decay": 0.008070255868829371
}