{
  "batch_size": 64,
  "beta1": 0.9,
  "beta2": 0.999,
  "lr": 7.32231157548753e-05,
  "weight_decay": 0.003222640366285925
}