{
  "batch_size": 64,
  "beta1": 0.9,
  "beta2": 0.999,
  "lr": 1.2220924393085534e-08,
  "weight_decay": 0.006971671199504493
}