{
  "batch_size": 64,
  "beta1": 0.9,
  "beta2": 0.999,
  "lr": 1.9536411004211785e-05,
  "weight_decay": 0.007385062436618092
}