{
  "batch_size": 64,
  "beta1": 0.9,
  "beta2": 0.999,
  "lr": 5.065817522922636e-07,
  "weight_decay": 0.0008025891160767585
}