{
  "batch_size": 64,
  "beta1": 0.9,
  "beta2": 0.999,
  "lr": 1.0100653846723386e-07,
  "weight_decay": 0.0024124747063629117
}