{
  "batch_size": 64,
  "beta1": 0.9,
  "beta2": 0.999,
  "lr": 1.2126240899315436e-08,
  "weight_decay": 0.008949184998058468
}