{
  "batch_size": 64,
  "beta1": 0.9,
  "beta2": 0.999,
  "lr": 4.054072639607251e-06,
  "weight_decay": 0.007767990427497373
}