{
  "batch_size": 64,
  "beta1": 0.9,
  "beta2": 0.999,
  "lr": 6.620569996305692e-08,
  "weight_decay": 0.002588944289590802
}