{
  "batch_size": 64,
  "beta1": 0.9,
  "beta2": 0.999,
  "lr": 1.964888400599456e-08,
  "weight_decay": 0.0021758939605182348
}