{
  "batch_size": 64,
  "beta1": 0.9,
  "beta2": 0.999,
  "lr": 2.5846465527337803e-08,
  "weight_decay": 0.006289226340159658
}