{
  "batch_size": 64,
  "beta1": 0.9,
  "beta2": 0.999,
  "lr": 2.391925335137271e-07,
  "weight_decay": 0.007938813405123656
}