{
  "batch_size": 64,
  "beta1": 0.9,
  "beta2": 0.999,
  "lr": 1.8142188368273317e-06,
  "weight_decay": 0.0034942929599675533
}