{
  "batch_size": 64,
  "beta1": 0.9,
  "beta2": 0.999,
  "lr": 1.036858327743636e-07,
  "weight_decay": 0.004569840551721966
}