{
  "batch_size": 64,
  "beta1": 0.9,
  "beta2": 0.999,
  "lr": 6.452386252101622e-07,
  "weight_decay": 0.0019437469144810671
}