{
  "batch_size": 64,
  "beta1": 0.9,
  "beta2": 0.999,
  "lr": 2.647598612106377e-08,
  "weight_decay": 0.005793228658072813
}