{
  "batch_size": 64,
  "beta1": 0.9,
  "beta2": 0.999,
  "lr": 1.2531430786708935e-05,
  "weight_decay": 0.0028481374567502628
}