{
  "batch_size": 64,
  "beta1": 0.9,
  "beta2": 0.999,
  "lr": 4.3323327281523495e-08,
  "weight_decay": 0.009880797345309786
}