{
  "batch_size": 64,
  "beta1": 0.9,
  "beta2": 0.999,
  "lr": 9.814220505097201e-06,
  "weight_decay": 0.009145093066702177
}