{
  "batch_size": 64,
  "beta1": 0.9,
  "beta2": 0.999,
  "lr": 8.130524328842674e-05,
  "weight_decay": 0.0009643307763797171
}