{
  "batch_size": 64,
  "beta1": 0.9,
  "beta2": 0.999,
  "lr": 2.71088226466159e-07,
  "weight_decay": 0.001581709784928026
}