{
  "batch_size": 64,
  "beta1": 0.9,
  "beta2": 0.999,
  "lr": 1.0787540397505205e-08,
  "weight_decay": 0.008299950023012594
}