{
  "batch_size": 64,
  "beta1": 0.9,
  "beta2": 0.999,
  "lr": 3.2786158649494958e-06,
  "weight_decay": 0.009377429771446821
}