{
  "batch_size": 64,
  "beta1": 0.9,
  "beta2": 0.999,
  "lr": 1.466238887434037e-05,
  "weight_decay": 0.0010298786087219237
}