{
  "batch_size": 64,
  "beta1": 0.9,
  "beta2": 0.999,
  "lr": 3.571295389990093e-07,
  "weight_decay": 0.008844074381169865
}