{
  "batch_size": 64,
  "beta1": 0.9,
  "beta2": 0.999,
  "lr": 2.6040227122037372e-05,
  "weight_decay": 0.004014450697190162
}