{
  "batch_size": 64,
  "beta1": 0.9,
  "beta2": 0.999,
  "lr": 1.4167074401140938e-08,
  "weight_decay": 0.007942696863674978
}